Designator,Val,Package,Mid X,Mid Y,Rotation,Layer
C1,10uF,C_0805_2012Metric,42.000,14.000,0.0,Top
C2,100nF,C_0603_1608Metric,42.000,17.500,0.0,Top
C3,1uF,C_0603_1608Metric,43.000,5.500,0.0,Top
C_3V3_1,22uF,C_0805_2012Metric,89.000,7.500,0.0,Top
C_3V3_2,100nF,C_0603_1608Metric,89.000,18.500,0.0,Top
C_BAT1,22uF,C_1206_3216Metric,51.000,71.500,90.0,Top
C_BAT2,100nF,C_0603_1608Metric,51.000,75.500,90.0,Top
C_DIV,100nF,C_0603_1608Metric,68.000,21.000,90.0,Top
C_IN1_L,100uF_25V,CP_Radial_D8.0mm_P3.50mm,20.000,28.000,0.0,Top
C_IN1_R,100uF_25V,CP_Radial_D8.0mm_P3.50mm,87.000,26.000,0.0,Top
C_IN2_L,22uF_25V,C_1206_3216Metric,29.500,28.000,0.0,Top
C_IN2_R,22uF_25V,C_1206_3216Metric,80.500,28.000,0.0,Top
C_ISO1,220uF_16V,CP_Radial_D8.0mm_P3.50mm,74.000,22.000,0.0,Top
C_ISO2,10uF,C_0805_2012Metric,74.000,28.000,0.0,Top
C_MPU1,100nF,C_0603_1608Metric,52.500,39.500,0.0,Top
C_MPU2,100nF,C_0603_1608Metric,52.500,50.500,0.0,Top
C_MPU3,100nF,C_0603_1608Metric,57.500,39.500,0.0,Top
C_MPU5,2.2nF,C_0603_1608Metric,57.500,50.500,0.0,Top
C_OUT1_L,1000uF_10V,CP_Radial_D8.0mm_P3.50mm,43.000,51.500,0.0,Top
C_OUT1_R,1000uF_10V,CP_Radial_D8.0mm_P3.50mm,67.000,51.500,0.0,Top
C_OUT2_L,22uF_16V,C_1206_3216Metric,43.000,59.000,0.0,Top
C_OUT2_R,22uF_16V,C_1206_3216Metric,67.000,59.000,0.0,Top
C_OUT3_L,100nF,C_0603_1608Metric,37.000,59.000,0.0,Top
C_OUT3_R,100nF,C_0603_1608Metric,73.000,59.000,0.0,Top
C_PCA1,100nF,C_0603_1608Metric,18.000,65.000,90.0,Top
C_PCA2,10uF,C_0805_2012Metric,18.000,69.000,90.0,Top
C_PCA3,100nF,C_0603_1608Metric,92.000,65.000,90.0,Top
C_PCA4,10uF,C_0805_2012Metric,92.000,69.000,90.0,Top
C_VBUS1,10uF,C_0805_2012Metric,44.500,83.500,90.0,Top
C_VBUS2,100nF,C_0603_1608Metric,44.500,87.000,90.0,Top
D_CATCH_L,SS54,D_SMC,31.000,50.500,90.0,Top
D_CATCH_R,SS54,D_SMC,79.000,50.500,90.0,Top
D_ISO,SS14,D_SOD-123,76.000,12.000,180.0,Top
D_STAT,Green,LED_0603_1608Metric,68.000,24.500,90.0,Top
H1,M3,MountingHole_3.2mm_M3_Pad_Via,5.000,5.000,0.0,Top
H2,M3,MountingHole_3.2mm_M3_Pad_Via,105.000,5.000,0.0,Top
H3,M3,MountingHole_3.2mm_M3_Pad_Via,5.000,85.000,0.0,Top
H4,M3,MountingHole_3.2mm_M3_Pad_Via,105.000,85.000,0.0,Top
J1,USB-C,USB_C_Receptacle_HCTL_HC-TYPE-C-16P-01A,37.000,86.100,0.0,Top
J_AUX1,AUX_1,PinHeader_1x03_P2.54mm_Vertical,90.500,76.000,0.0,Top
J_AUX2,AUX_2,PinHeader_1x03_P2.54mm_Vertical,95.000,76.000,0.0,Top
J_AUX3,AUX_3,PinHeader_1x03_P2.54mm_Vertical,99.500,76.000,0.0,Top
J_AUX4,AUX_4,PinHeader_1x03_P2.54mm_Vertical,11.500,76.000,0.0,Top
J_AUX5,AUX_5,PinHeader_1x03_P2.54mm_Vertical,16.500,76.000,0.0,Top
J_AUX6,AUX_6,PinHeader_1x03_P2.54mm_Vertical,21.500,76.000,0.0,Top
J_BAT,2S_LiPo,AMASS_XT30PW-M_1x02_P2.50mm_Horizontal,73.000,80.000,0.0,Top
J_I2C,I2C_BUS,PinHeader_1x04_P2.54mm_Vertical,85.500,76.000,0.0,Top
J_L1_C,RF_Coxa,PinHeader_1x03_P2.54mm_Vertical,100.000,15.000,-90.0,Top
J_L1_F,RF_Femur,PinHeader_1x03_P2.54mm_Vertical,100.000,19.500,-90.0,Top
J_L1_T,RF_Tibia,PinHeader_1x03_P2.54mm_Vertical,100.000,24.000,-90.0,Top
J_L2_C,RM_Coxa,PinHeader_1x03_P2.54mm_Vertical,100.000,34.000,-90.0,Top
J_L2_F,RM_Femur,PinHeader_1x03_P2.54mm_Vertical,100.000,38.500,-90.0,Top
J_L2_T,RM_Tibia,PinHeader_1x03_P2.54mm_Vertical,100.000,43.000,-90.0,Top
J_L3_C,RR_Coxa,PinHeader_1x03_P2.54mm_Vertical,100.000,53.000,-90.0,Top
J_L3_F,RR_Femur,PinHeader_1x03_P2.54mm_Vertical,100.000,57.500,-90.0,Top
J_L3_T,RR_Tibia,PinHeader_1x03_P2.54mm_Vertical,100.000,62.000,-90.0,Top
J_L4_C,LF_Coxa,PinHeader_1x03_P2.54mm_Vertical,10.000,15.000,90.0,Top
J_L4_F,LF_Femur,PinHeader_1x03_P2.54mm_Vertical,10.000,19.500,90.0,Top
J_L4_T,LF_Tibia,PinHeader_1x03_P2.54mm_Vertical,10.000,24.000,90.0,Top
J_L5_C,LM_Coxa,PinHeader_1x03_P2.54mm_Vertical,10.000,34.000,90.0,Top
J_L5_F,LM_Femur,PinHeader_1x03_P2.54mm_Vertical,10.000,38.500,90.0,Top
J_L5_T,LM_Tibia,PinHeader_1x03_P2.54mm_Vertical,10.000,43.000,90.0,Top
J_L6_C,LR_Coxa,PinHeader_1x03_P2.54mm_Vertical,10.000,53.000,90.0,Top
J_L6_F,LR_Femur,PinHeader_1x03_P2.54mm_Vertical,10.000,57.500,90.0,Top
J_L6_T,LR_Tibia,PinHeader_1x03_P2.54mm_Vertical,10.000,62.000,90.0,Top
J_UART,UART_DEBUG,PinHeader_1x04_P2.54mm_Vertical,80.500,76.000,0.0,Top
LED_3V3,Blue,LED_0603_1608Metric,94.000,7.500,0.0,Top
LED_CHG,Red,LED_0603_1608Metric,26.000,81.500,0.0,Top
LED_FULL,Green,LED_0603_1608Metric,26.000,87.500,0.0,Top
LED_L,Green,LED_0805_2012Metric,20.500,54.000,90.0,Top
LED_R,Green,LED_0805_2012Metric,89.500,54.000,90.0,Top
L_CHG,2.2uH_4A,L_7.3x7.3_H4.5,44.500,73.000,0.0,Top
L_SERVO_L,10uH_10A,L_12x12mm_H8mm,42.500,39.000,0.0,Top
L_SERVO_R,10uH_10A,L_12x12mm_H8mm,67.500,39.000,180.0,Top
R1,10k,R_0603_1608Metric,43.000,8.500,0.0,Top
R2,10k,R_0603_1608Metric,67.000,5.500,0.0,Top
R_3V3_LED,1k,R_0603_1608Metric,94.000,11.000,0.0,Top
R_BZ,1k,R_0603_1608Metric,60.000,55.000,0.0,Top
R_CC1,5.1k,R_0603_1608Metric,29.500,81.500,0.0,Top
R_CC2,5.1k,R_0603_1608Metric,29.500,84.500,0.0,Top
R_CHG,1k,R_0603_1608Metric,26.000,84.500,0.0,Top
R_DIV1,100k_1%,R_0603_1608Metric,68.000,14.000,90.0,Top
R_DIV2,33k_1%,R_0603_1608Metric,68.000,17.500,90.0,Top
R_FB1_L,10k_1%,R_0603_1608Metric,20.500,47.000,90.0,Top
R_FB1_R,10k_1%,R_0603_1608Metric,89.500,47.000,90.0,Top
R_FB2_L,3.16k_1%,R_0603_1608Metric,20.500,50.500,90.0,Top
R_FB2_R,3.16k_1%,R_0603_1608Metric,89.500,50.500,90.0,Top
R_FULL,1k,R_0603_1608Metric,29.500,87.500,0.0,Top
R_LED_L,1k,R_0603_1608Metric,20.500,57.500,90.0,Top
R_LED_R,1k,R_0603_1608Metric,89.500,57.500,90.0,Top
R_OE,10k,R_0603_1608Metric,57.000,55.000,0.0,Top
R_SCL,4.7k,R_0603_1608Metric,54.000,55.000,0.0,Top
R_SDA,4.7k,R_0603_1608Metric,51.000,55.000,0.0,Top
R_STAT,1k,R_0603_1608Metric,68.000,28.000,90.0,Top
SW1,RESET,SW_Push_SPST_NO_Alps_SKRK,38.000,5.500,0.0,Top
SW2,BOOT,SW_Push_SPST_NO_Alps_SKRK,72.000,5.500,0.0,Top
SW_PWR,POWER,SW_Slide_SPDT_Straight_CK_OS102011MS2Q,56.000,82.000,0.0,Top
U1,ESP32-S3-WROOM-1U,ESP32-S3-WROOM-1U,55.000,11.500,0.0,Top
U2,BQ25886,QFN-24-1EP_4x4mm_P0.5mm_EP2.7x2.7mm_ThermalVias,36.000,73.000,0.0,Top
U3_L,XL4015,TO-263-5_TabPin3,27.500,39.000,0.0,Top
U3_R,XL4015,TO-263-5_TabPin3,82.500,39.000,180.0,Top
U4,AMS1117-3.3,SOT-223-3_TabPin2,84.000,13.000,0.0,Top
U5,PCA9685_1,TSSOP-28_4.4x9.7mm_P0.65mm,26.000,67.000,0.0,Top
U6,PCA9685_2,TSSOP-28_4.4x9.7mm_P0.65mm,84.000,67.000,0.0,Top
U7,MPU-6050,InvenSense_QFN-24_4x4mm_P0.5mm,55.000,45.000,0.0,Top
