Item,Designator,Quantity,Value,Package/Footprint,Type,LCSC Part #
1,"C2, C_3V3_2, C_BAT2, C_DIV, C_MPU1, C_MPU2, C_MPU3, C_OUT3_L, C_OUT3_R, C_PCA1, C_PCA3, C_VBUS2",12,100nF,C_0603_1608Metric,SMD,C14663
2,C3,1,1uF,C_0603_1608Metric,SMD,C15849
3,C_MPU5,1,2.2nF,C_0603_1608Metric,SMD,C1604
4,"C1, C_ISO2, C_PCA2, C_PCA4, C_VBUS1",5,10uF,C_0805_2012Metric,SMD,C15850
5,C_3V3_1,1,22uF,C_0805_2012Metric,SMD,C45783
6,C_BAT1,1,22uF,C_1206_3216Metric,SMD,C45783
7,"C_OUT2_L, C_OUT2_R",2,22uF_16V,C_1206_3216Metric,SMD,
8,"C_IN2_L, C_IN2_R",2,22uF_25V,C_1206_3216Metric,SMD,
9,"D_CATCH_L, D_CATCH_R",2,SS54,D_SMC,SMD,C22452
10,D_ISO,1,SS14,D_SOD-123,SMD,C2410
11,U1,1,ESP32-S3-WROOM-1U,ESP32-S3-WROOM-1U,SMD,C2934560
12,U7,1,MPU-6050,InvenSense_QFN-24_4x4mm_P0.5mm,SMD,C24112
13,LED_3V3,1,Blue,LED_0603_1608Metric,SMD,
14,"D_STAT, LED_FULL",2,Green,LED_0603_1608Metric,SMD,
15,LED_CHG,1,Red,LED_0603_1608Metric,SMD,
16,"LED_L, LED_R",2,Green,LED_0805_2012Metric,SMD,
17,"L_SERVO_L, L_SERVO_R",2,10uH_10A,L_12x12mm_H8mm,SMD,
18,L_CHG,1,2.2uH_4A,L_7.3x7.3_H4.5,SMD,
19,U2,1,BQ25886,QFN-24-1EP_4x4mm_P0.5mm_EP2.7x2.7mm_ThermalVias,SMD,
20,R_DIV1,1,100k_1%,R_0603_1608Metric,SMD,
21,"R1, R2, R_OE",3,10k,R_0603_1608Metric,SMD,C25804
22,"R_FB1_L, R_FB1_R",2,10k_1%,R_0603_1608Metric,SMD,
23,"R_3V3_LED, R_BZ, R_CHG, R_FULL, R_LED_L, R_LED_R, R_STAT",7,1k,R_0603_1608Metric,SMD,C21190
24,"R_FB2_L, R_FB2_R",2,3.16k_1%,R_0603_1608Metric,SMD,
25,R_DIV2,1,33k_1%,R_0603_1608Metric,SMD,
26,"R_SCL, R_SDA",2,4.7k,R_0603_1608Metric,SMD,
27,"R_CC1, R_CC2",2,5.1k,R_0603_1608Metric,SMD,C23186
28,U4,1,AMS1117-3.3,SOT-223-3_TabPin2,SMD,C6186
29,SW2,1,BOOT,SW_Push_SPST_NO_Alps_SKRK,SMD,
30,SW1,1,RESET,SW_Push_SPST_NO_Alps_SKRK,SMD,
31,"U3_L, U3_R",2,XL4015,TO-263-5_TabPin3,SMD,C73335
32,U5,1,PCA9685_1,TSSOP-28_4.4x9.7mm_P0.65mm,SMD,
33,U6,1,PCA9685_2,TSSOP-28_4.4x9.7mm_P0.65mm,SMD,
34,J1,1,USB-C,USB_C_Receptacle_HCTL_HC-TYPE-C-16P-01A,SMD,
35,J_BAT,1,2S_LiPo,AMASS_XT30PW-M_1x02_P2.50mm_Horizontal,THT,
36,"C_OUT1_L, C_OUT1_R",2,1000uF_10V,CP_Radial_D8.0mm_P3.50mm,THT,
37,"C_IN1_L, C_IN1_R",2,100uF_25V,CP_Radial_D8.0mm_P3.50mm,THT,
38,C_ISO1,1,220uF_16V,CP_Radial_D8.0mm_P3.50mm,THT,
39,"H1, H2, H3, H4",4,M3,MountingHole_3.2mm_M3_Pad_Via,THT,
40,J_AUX1,1,AUX_1,PinHeader_1x03_P2.54mm_Vertical,THT,
41,J_AUX2,1,AUX_2,PinHeader_1x03_P2.54mm_Vertical,THT,
42,J_AUX3,1,AUX_3,PinHeader_1x03_P2.54mm_Vertical,THT,
43,J_AUX4,1,AUX_4,PinHeader_1x03_P2.54mm_Vertical,THT,
44,J_AUX5,1,AUX_5,PinHeader_1x03_P2.54mm_Vertical,THT,
45,J_AUX6,1,AUX_6,PinHeader_1x03_P2.54mm_Vertical,THT,
46,J_L4_C,1,LF_Coxa,PinHeader_1x03_P2.54mm_Vertical,THT,
47,J_L4_F,1,LF_Femur,PinHeader_1x03_P2.54mm_Vertical,THT,
48,J_L4_T,1,LF_Tibia,PinHeader_1x03_P2.54mm_Vertical,THT,
49,J_L5_C,1,LM_Coxa,PinHeader_1x03_P2.54mm_Vertical,THT,
50,J_L5_F,1,LM_Femur,PinHeader_1x03_P2.54mm_Vertical,THT,
51,J_L5_T,1,LM_Tibia,PinHeader_1x03_P2.54mm_Vertical,THT,
52,J_L6_C,1,LR_Coxa,PinHeader_1x03_P2.54mm_Vertical,THT,
53,J_L6_F,1,LR_Femur,PinHeader_1x03_P2.54mm_Vertical,THT,
54,J_L6_T,1,LR_Tibia,PinHeader_1x03_P2.54mm_Vertical,THT,
55,J_L1_C,1,RF_Coxa,PinHeader_1x03_P2.54mm_Vertical,THT,
56,J_L1_F,1,RF_Femur,PinHeader_1x03_P2.54mm_Vertical,THT,
57,J_L1_T,1,RF_Tibia,PinHeader_1x03_P2.54mm_Vertical,THT,
58,J_L2_C,1,RM_Coxa,PinHeader_1x03_P2.54mm_Vertical,THT,
59,J_L2_F,1,RM_Femur,PinHeader_1x03_P2.54mm_Vertical,THT,
60,J_L2_T,1,RM_Tibia,PinHeader_1x03_P2.54mm_Vertical,THT,
61,J_L3_C,1,RR_Coxa,PinHeader_1x03_P2.54mm_Vertical,THT,
62,J_L3_F,1,RR_Femur,PinHeader_1x03_P2.54mm_Vertical,THT,
63,J_L3_T,1,RR_Tibia,PinHeader_1x03_P2.54mm_Vertical,THT,
64,J_I2C,1,I2C_BUS,PinHeader_1x04_P2.54mm_Vertical,THT,
65,J_UART,1,UART_DEBUG,PinHeader_1x04_P2.54mm_Vertical,THT,
66,SW_PWR,1,POWER,SW_Slide_SPDT_Straight_CK_OS102011MS2Q,THT,
