"Designator","Value","Footprint","Quantity"
"C1,C_ISO2,C_PCA2,C_PCA4,C_VBUS1","10uF","Capacitor_SMD:C_0805_2012Metric","5"
"C2,C_3V3_2,C_BAT2,C_DIV?,C_MPU1-C_MPU3,C_OUT3_L?,C_OUT3_R?,C_PCA1,C_PCA3,C_VBUS2","100nF","Capacitor_SMD:C_0603_1608Metric","12"
"C3","1uF","Capacitor_SMD:C_0603_1608Metric","1"
"C_3V3_1","22uF","Capacitor_SMD:C_0805_2012Metric","1"
"C_BAT1,C_IN2_L?,C_IN2_R?","22uF_25V","Capacitor_SMD:C_1206_3216Metric","3"
"C_IN1_L?,C_IN1_R?","100uF_25V","Capacitor_THT:CP_Radial_D8.0mm_P3.50mm","2"
"C_ISO1","220uF_16V","Capacitor_THT:CP_Radial_D8.0mm_P3.50mm","1"
"C_MPU5","2.2nF","Capacitor_SMD:C_0603_1608Metric","1"
"C_OUT1_L?,C_OUT1_R?","1000uF_10V","Capacitor_THT:CP_Radial_D8.0mm_P3.50mm","2"
"C_OUT2_L?,C_OUT2_R?","22uF_16V","Capacitor_SMD:C_1206_3216Metric","2"
"D_CATCH_L?,D_CATCH_R?","SS54","Diode_SMD:D_SMC","2"
"D_ISO?","SS14","Diode_SMD:D_SOD-123","1"
"D_STAT?,LED_FULL?","Green","LED_SMD:LED_0603_1608Metric","2"
"J1","USB-C","Connector_USB:USB_C_Receptacle_HCTL_HC-TYPE-C-16P-01A","1"
"J_AUX1","AUX_PWM_18","Connector_PinHeader_2.54mm:PinHeader_1x03_P2.54mm_Vertical","1"
"J_AUX2","AUX_PWM_19","Connector_PinHeader_2.54mm:PinHeader_1x03_P2.54mm_Vertical","1"
"J_AUX3","AUX_PWM_20","Connector_PinHeader_2.54mm:PinHeader_1x03_P2.54mm_Vertical","1"
"J_AUX4","AUX_PWM_21","Connector_PinHeader_2.54mm:PinHeader_1x03_P2.54mm_Vertical","1"
"J_AUX5","AUX_PWM_22","Connector_PinHeader_2.54mm:PinHeader_1x03_P2.54mm_Vertical","1"
"J_AUX6","AUX_PWM_23","Connector_PinHeader_2.54mm:PinHeader_1x03_P2.54mm_Vertical","1"
"J_BAT?","2S_LiPo_7.4V","Connector_AMASS:AMASS_XT30PW-M_1x02_P2.50mm_Horizontal","1"
"J_I2C?","I2C_BUS","Connector_PinHeader_2.54mm:PinHeader_1x04_P2.54mm_Vertical","1"
"J_L1_C?","L1_Coxa","Connector_PinHeader_2.54mm:PinHeader_1x03_P2.54mm_Vertical","1"
"J_L1_F?","L1_Femur","Connector_PinHeader_2.54mm:PinHeader_1x03_P2.54mm_Vertical","1"
"J_L1_T?","L1_Tibia","Connector_PinHeader_2.54mm:PinHeader_1x03_P2.54mm_Vertical","1"
"J_L2_C?","L2_Coxa","Connector_PinHeader_2.54mm:PinHeader_1x03_P2.54mm_Vertical","1"
"J_L2_F?","L2_Femur","Connector_PinHeader_2.54mm:PinHeader_1x03_P2.54mm_Vertical","1"
"J_L2_T?","L2_Tibia","Connector_PinHeader_2.54mm:PinHeader_1x03_P2.54mm_Vertical","1"
"J_L3_C?","L3_Coxa","Connector_PinHeader_2.54mm:PinHeader_1x03_P2.54mm_Vertical","1"
"J_L3_F?","L3_Femur","Connector_PinHeader_2.54mm:PinHeader_1x03_P2.54mm_Vertical","1"
"J_L3_T?","L3_Tibia","Connector_PinHeader_2.54mm:PinHeader_1x03_P2.54mm_Vertical","1"
"J_L4_C?","L4_Coxa","Connector_PinHeader_2.54mm:PinHeader_1x03_P2.54mm_Vertical","1"
"J_L4_F?","L4_Femur","Connector_PinHeader_2.54mm:PinHeader_1x03_P2.54mm_Vertical","1"
"J_L4_T?","L4_Tibia","Connector_PinHeader_2.54mm:PinHeader_1x03_P2.54mm_Vertical","1"
"J_L5_C?","L5_Coxa","Connector_PinHeader_2.54mm:PinHeader_1x03_P2.54mm_Vertical","1"
"J_L5_F?","L5_Femur","Connector_PinHeader_2.54mm:PinHeader_1x03_P2.54mm_Vertical","1"
"J_L5_T?","L5_Tibia","Connector_PinHeader_2.54mm:PinHeader_1x03_P2.54mm_Vertical","1"
"J_L6_C?","L6_Coxa","Connector_PinHeader_2.54mm:PinHeader_1x03_P2.54mm_Vertical","1"
"J_L6_F?","L6_Femur","Connector_PinHeader_2.54mm:PinHeader_1x03_P2.54mm_Vertical","1"
"J_L6_T?","L6_Tibia","Connector_PinHeader_2.54mm:PinHeader_1x03_P2.54mm_Vertical","1"
"J_UART?","UART_DEBUG","Connector_PinHeader_2.54mm:PinHeader_1x04_P2.54mm_Vertical","1"
"LED_3V3","Blue","LED_SMD:LED_0603_1608Metric","1"
"LED_CHG?","Red","LED_SMD:LED_0603_1608Metric","1"
"LED_L?,LED_R?","Green","LED_SMD:LED_0805_2012Metric","2"
"L_CHG?","2.2uH_4A","Inductor_SMD:L_7.3x7.3_H4.5","1"
"L_SERVO_L?,L_SERVO_R?","10uH_10A","Inductor_SMD:L_12x12mm_H8mm","2"
"R1,R2,R_OE?","10k","Resistor_SMD:R_0603_1608Metric","3"
"R_3V3_LED?,R_BZ?,R_CHG?,R_FULL?,R_LED_L?,R_LED_R?,R_STAT?","1k","Resistor_SMD:R_0603_1608Metric","7"
"R_CC1,R_CC2","5.1k_1%","Resistor_SMD:R_0603_1608Metric","2"
"R_DIV1","100k_1%","Resistor_SMD:R_0603_1608Metric","1"
"R_DIV2","33k_1%","Resistor_SMD:R_0603_1608Metric","1"
"R_FB1_L?,R_FB1_R?","10k_1%","Resistor_SMD:R_0603_1608Metric","2"
"R_FB2_L?,R_FB2_R?","3.16k_1%","Resistor_SMD:R_0603_1608Metric","2"
"R_SCL?,R_SDA?","4.7k","Resistor_SMD:R_0603_1608Metric","2"
"SW1","RESET","Button_Switch_SMD:SW_Push_SPST_NO_Alps_SKRK","1"
"SW2","BOOT","Button_Switch_SMD:SW_Push_SPST_NO_Alps_SKRK","1"
"SW_PWR?","POWER_SWITCH","Button_Switch_THT:SW_Slide_SPDT_Straight_CK_OS102011MS2Q","1"
"U1","ESP32-S3-WROOM-1U","RF_Module:ESP32-S3-WROOM-1U","1"
"U2","BQ25886","Package_DFN_QFN:QFN-24-1EP_4x4mm_P0.5mm_EP2.7x2.7mm_ThermalVias","1"
"U3_L?,U3_R?","XL4015","Package_TO_SOT_SMD:TO-263-5_TabPin3","2"
"U4","AMS1117-3.3","Package_TO_SOT_SMD:SOT-223-3_TabPin2","1"
"U5","PCA9685_0x40","Package_SO:TSSOP-28_4.4x9.7mm_P0.65mm","1"
"U6","PCA9685_0x41","Package_SO:TSSOP-28_4.4x9.7mm_P0.65mm","1"
"U7","MPU-6050","Sensor_Motion:InvenSense_QFN-24_4x4mm_P0.5mm","1"
