Ref,Val,Package,PosX,PosY,Rot,Side
"C1","10uF","C_0805_2012Metric",34.000000,-18.000000,0.000000,top
"C2","100nF","C_0603_1608Metric",34.000000,-22.000000,0.000000,top
"C3","1uF","C_0603_1608Metric",34.000000,-30.000000,0.000000,top
"C_3V3_1","22uF","C_0805_2012Metric",84.000000,-22.000000,0.000000,top
"C_3V3_2","100nF","C_0603_1608Metric",84.000000,-25.000000,0.000000,top
"C_BAT1","22uF","C_1206_3216Metric",27.500000,-11.500000,0.000000,top
"C_BAT2","100nF","C_0603_1608Metric",31.500000,-11.500000,0.000000,top
"C_DIV","100nF","C_0603_1608Metric",74.000000,-27.000000,0.000000,top
"C_IN1","100uF_25V","CP_Radial_D8.0mm_P3.50mm",24.000000,-50.000000,0.000000,top
"C_IN2","22uF_25V","C_1206_3216Metric",32.000000,-44.000000,0.000000,top
"C_ISO1","220uF_16V","CP_Radial_D8.0mm_P3.50mm",78.000000,-8.000000,0.000000,top
"C_ISO2","10uF","C_0805_2012Metric",72.000000,-10.000000,0.000000,top
"C_OUT1","1000uF_10V","CP_Radial_D8.0mm_P3.50mm",71.000000,-50.000000,0.000000,top
"C_OUT2","22uF_16V","C_1206_3216Metric",71.000000,-58.000000,90.000000,top
"C_OUT3","100nF","C_0603_1608Metric",71.000000,-62.000000,0.000000,top
"C_PCA1","100nF","C_0603_1608Metric",23.500000,-30.500000,0.000000,top
"C_PCA2","10uF","C_0805_2012Metric",27.500000,-30.500000,0.000000,top
"C_PCA3","100nF","C_0603_1608Metric",72.000000,-30.000000,0.000000,top
"C_PCA4","10uF","C_0805_2012Metric",76.000000,-30.000000,0.000000,top
"C_VBUS1","10uF","C_0805_2012Metric",19.500000,-11.500000,0.000000,top
"C_VBUS2","100nF","C_0603_1608Metric",23.000000,-11.500000,0.000000,top
"D_CATCH","SS54","D_SMC",42.000000,-63.000000,0.000000,top
"D_ISO","SS14","D_SOD-123",72.000000,-6.000000,0.000000,top
"D_STAT","Green","LED_0603_1608Metric",64.000000,-23.000000,0.000000,top
"J1","USB-C","USB_C_Receptacle_HCTL_HC-TYPE-C-16P-01A",50.000000,-5.000000,0.000000,top
"J_AUX1","AUX_1","PinHeader_1x03_P2.54mm_Vertical",43.000000,-71.000000,0.000000,top
"J_AUX2","AUX_2","PinHeader_1x03_P2.54mm_Vertical",49.000000,-71.000000,0.000000,top
"J_AUX3","AUX_3","PinHeader_1x03_P2.54mm_Vertical",55.000000,-71.000000,0.000000,top
"J_AUX4","AUX_4","PinHeader_1x03_P2.54mm_Vertical",61.000000,-71.000000,0.000000,top
"J_AUX5","AUX_5","PinHeader_1x03_P2.54mm_Vertical",67.000000,-71.000000,0.000000,top
"J_AUX6","AUX_6","PinHeader_1x03_P2.54mm_Vertical",73.000000,-71.000000,0.000000,top
"J_BAT","2S_LiPo","AMASS_XT30PW-M_1x02_P2.50mm_Horizontal",28.000000,-72.000000,0.000000,top
"J_I2C","I2C_BUS","PinHeader_1x04_P2.54mm_Vertical",79.000000,-69.000000,0.000000,top
"J_L1_C","RF_Coxa","PinHeader_1x03_P2.54mm_Vertical",90.000000,-15.000000,90.000000,top
"J_L1_F","RF_Femur","PinHeader_1x03_P2.54mm_Vertical",90.000000,-19.500000,90.000000,top
"J_L1_T","RF_Tibia","PinHeader_1x03_P2.54mm_Vertical",90.000000,-24.000000,90.000000,top
"J_L2_C","RM_Coxa","PinHeader_1x03_P2.54mm_Vertical",90.000000,-33.000000,90.000000,top
"J_L2_F","RM_Femur","PinHeader_1x03_P2.54mm_Vertical",90.000000,-37.500000,90.000000,top
"J_L2_T","RM_Tibia","PinHeader_1x03_P2.54mm_Vertical",90.000000,-42.000000,90.000000,top
"J_L3_C","RR_Coxa","PinHeader_1x03_P2.54mm_Vertical",90.000000,-51.000000,90.000000,top
"J_L3_F","RR_Femur","PinHeader_1x03_P2.54mm_Vertical",90.000000,-55.500000,90.000000,top
"J_L3_T","RR_Tibia","PinHeader_1x03_P2.54mm_Vertical",90.000000,-60.000000,90.000000,top
"J_L4_C","LF_Coxa","PinHeader_1x03_P2.54mm_Vertical",10.000000,-15.000000,90.000000,top
"J_L4_F","LF_Femur","PinHeader_1x03_P2.54mm_Vertical",10.000000,-19.500000,90.000000,top
"J_L4_T","LF_Tibia","PinHeader_1x03_P2.54mm_Vertical",10.000000,-24.000000,90.000000,top
"J_L5_C","LM_Coxa","PinHeader_1x03_P2.54mm_Vertical",10.000000,-33.000000,90.000000,top
"J_L5_F","LM_Femur","PinHeader_1x03_P2.54mm_Vertical",10.000000,-37.500000,90.000000,top
"J_L5_T","LM_Tibia","PinHeader_1x03_P2.54mm_Vertical",10.000000,-42.000000,90.000000,top
"J_L6_C","LR_Coxa","PinHeader_1x03_P2.54mm_Vertical",10.000000,-51.000000,90.000000,top
"J_L6_F","LR_Femur","PinHeader_1x03_P2.54mm_Vertical",10.000000,-55.500000,90.000000,top
"J_L6_T","LR_Tibia","PinHeader_1x03_P2.54mm_Vertical",10.000000,-60.000000,90.000000,top
"J_UART","UART_DEBUG","PinHeader_1x04_P2.54mm_Vertical",37.000000,-69.000000,0.000000,top
"LED_3V3","Blue","LED_0603_1608Metric",84.000000,-28.000000,0.000000,top
"LED_CHG","Red","LED_0603_1608Metric",20.000000,-6.000000,90.000000,top
"LED_FULL","Green","LED_0603_1608Metric",26.500000,-6.000000,90.000000,top
"LED_SERVO","Green","LED_0603_1608Metric",77.000000,-56.000000,90.000000,top
"L_CHG","2.2uH_4A","L_7.3x7.3_H4.5",22.000000,-20.000000,0.000000,top
"L_SERVO","10uH_10A","L_12x12mm_H8mm",58.000000,-52.000000,0.000000,top
"R1","10k","R_0603_1608Metric",34.000000,-26.000000,0.000000,top
"R2","10k","R_0603_1608Metric",63.000000,-12.000000,0.000000,top
"R_3V3_LED","1k","R_0603_1608Metric",84.000000,-31.000000,0.000000,top
"R_BZ","1k","R_0603_1608Metric",64.000000,-27.000000,0.000000,top
"R_CC1","5.1k","R_0603_1608Metric",42.000000,-5.000000,90.000000,top
"R_CC2","5.1k","R_0603_1608Metric",58.000000,-5.000000,90.000000,top
"R_CHG","1k","R_0603_1608Metric",23.000000,-6.000000,90.000000,top
"R_DIV1","100k_1%","R_0603_1608Metric",74.000000,-20.000000,0.000000,top
"R_DIV2","33k_1%","R_0603_1608Metric",74.000000,-23.500000,0.000000,top
"R_FB1","10k_1%","R_0603_1608Metric",49.000000,-61.000000,0.000000,top
"R_FB2","3.16k_1%","R_0603_1608Metric",49.000000,-64.000000,0.000000,top
"R_FULL","1k","R_0603_1608Metric",29.500000,-6.000000,90.000000,top
"R_OE","10k","R_0603_1608Metric",54.000000,-42.000000,0.000000,top
"R_SCL","4.7k","R_0603_1608Metric",50.000000,-42.000000,0.000000,top
"R_SDA","4.7k","R_0603_1608Metric",46.000000,-42.000000,0.000000,top
"R_SERVO_LED","1k","R_0603_1608Metric",77.000000,-60.000000,90.000000,top
"R_STAT","1k","R_0603_1608Metric",64.000000,-19.000000,0.000000,top
"SW1","RESET","SW_Push_SPST_NO_Alps_SKRK",33.000000,-6.000000,0.000000,top
"SW2","BOOT","SW_Push_SPST_NO_Alps_SKRK",62.000000,-6.000000,0.000000,top
"SW_PWR","POWER","SW_Slide_SPDT_Straight_CK_OS102011MS2Q",14.000000,-71.000000,90.000000,top
"U1","ESP32-S3","ESP32-S3-WROOM-1",50.000000,-24.000000,0.000000,top
"U2","BQ25886","QFN-24-1EP_4x4mm_P0.5mm_EP2.7x2.7mm_ThermalVias",29.000000,-20.000000,0.000000,top
"U3","XL4015","TO-263-5_TabPin3",42.000000,-52.000000,0.000000,top
"U4","AMS1117-3.3","SOT-223-3_TabPin2",80.000000,-16.000000,0.000000,top
"U5","PCA9685_1","TSSOP-28_4.4x9.7mm_P0.65mm",26.000000,-38.000000,0.000000,top
"U6","PCA9685_2","TSSOP-28_4.4x9.7mm_P0.65mm",74.000000,-38.000000,0.000000,top
